producto,precio
Apple iPhone 13 (256 GB) - Azul - Distribuidor autorizado,16000.32
Apple iPhone 13 (128 GB) - Azul medianoche,12463.18
Apple iPhone 13 (256 GB) - Blanco estelar,15903.00
Apple iPhone 13 (512 GB) - Azul medianoche,18999.05
Apple iPhone 14 (512 Gb) - Azul,16999.00
Apple iPhone 14 (128 Gb) - Blanco Estelar,13999.00
Apple iPhone 14 (256 Gb) - Azul - Distribuidor autorizado,18999.00
Apple iPhone 14 (256 Gb) - Medianoche - Distribuidor autorizado,18999.00
Kit Funda + Mica Pantalla + Mica C√°mara Para iPhone Magsafe,116.20
Funda Acrigel Alta Calidad Para Oleo Varias Marcas,69.99
"Iphon Se 3¬™ Generaci√≥n, 64 Gb Azul Medianoche + Regalo Funada, Mica, Cargador.",7468.10
iPhone 13 Pro Max 512 Plateado,23000.00
Apple iPhone 13 mini (128 GB) - Azul medianoche,13081.50
Apple iPhone 15 (128 GB) - Negro,15099.00
Apple iPhone 15 Pro (128 GB) - Titanio Natural - Distribuidor autorizado,23999.85
Apple iPhone 15 Pro (256 GB) - Titanio Natural - Distribuidor autorizado,25999.60
Apple iPhone 15 Pro (256 GB) - Titanio Negro,25998.00
Apple iPhone 15 Pro (128 GB) - Titanio Natural,22979.00
Apple iPhone 15 Pro (256 Gb) Titanio Natural,25999.60
Apple iPhone 15 Pro (128 Gb) - Esim Grado A(reacondicionado) (Reacondicionado),21699.00
Apple iPhone 15 Pro (256 Gb) - Titanio Negro,24699.05
Apple iPhone 15 (256 GB) - Negro,17531.28
Apple iPhone 15 (128 GB) - Negro - Distribuidor autorizado,19499.00
Apple iPhone 15 (256 GB) - Azul - Distribuidor autorizado,21499.00
Apple iPhone 15 (128 Gb) Negro,19499.00
Apple iPhone 15 (256 Gb) Azul,21499.00
Apple iPhone 15 (512 GB) - Amarillo - Distribuidor Autorizado,25999.60
iPhone 15 Black 128 Gb,15500.00
Apple iPhone 15 Pro Max (256 GB) - Titanio Natural - Distribuidor autorizado,28999.00
Apple iPhone 15 Pro Max (512 GB) - Titanio Natural - Distribuidor autorizado,33499.00
iPhone 15 Pro Max (1¬†TB) - Titanio Natural - Distribuidor autorizado,37999.00
Apple iPhone 15 Pro Max (256 GB) - Titanio Natural,27278.00
Apple iPhone 15 Pro Max (1 TB) - Titanio Negro,35199.12
Apple iPhone 15 Pro Max (256 Gb) Titanio Natural,28999.00
Apple iPhone 15 Pro Max (512 Gb) Titanio Natural,33499.00
Apple iPhone 15 Pro Max (512 GB) - Titanio Blanco,33479.07
Apple iPhone 15 Pro Max (1 Tb) Titanio Natural,37999.00
Apple iPhone 15 Pro Max At&t E-sim Unicamente 1 A√±o Garantia (Reacondicionado),24999.00
Apple iPhone 15 Pro Max (256gb) - Titanio Negro Esim (Reacondicionado),25898.00
iPhone 15 Pro Max,35000.00
Apple iPhone 15 Pro Max Titanio Azul De 256 Gb,30000.00
Apple iPhone 15 Pro Max (512 Gb) - Titanio Esim C Applecare+ (Reacondicionado),28498.00
iPhone 14 256 GB amarillo - Distribuidor Autorizado,18999.00
iPhone 14 128 GB amarillo - Distribuidor autorizado,20999.00
Apple iPhone 14 (256 Gb) - (product)red Color (Product)Red,17001.60
Apple iPhone 14 (256 Gb) - Medianoche,18999.00
Apple iPhone 14 (256 Gb) - Azul,18999.00
Apple iPhone 14 (128 Gb) - (product)red Rojo Liberado Grado A (Reacondicionado),12175.15
Apple iPhone 14 128 Gb Medianoche Original Liberado E-sim  (Reacondicionado),13477.20
Apple iPhone 14 (128 Gb) - Esim Grado A (reacondicionado) (Reacondicionado),12999.00
Apple iPhone 14 128 Gb Blanco Con Caja Original  (Reacondicionado),13999.30
Apple iPhone 14 128g Blanco Estelar E-sim Impecable ¬°incluye Cargador! (Reacondicionado),13190.00